Fecha,PE,EC,CL,CO,BO,AR,MX,BR,UY,PY
2023-01-01,78.83,316.64,278.17,537.32,324.94,390.12,371.92,78.26,394.32,474.49
2023-01-02,129.78,314.32,278.57,572.21,333.22,424.49,384.16,102.94,421.38,498.06
2023-01-03,136.68,342.3,292.88,563.98,358.31,425.19,401.06,114.69,424.31,504.68
2023-01-04,125.98,343.26,299.38,559.96,355.72,423.25,395.0,104.95,419.84,501.08
2023-01-05,116.51,338.88,307.23,570.9,355.51,417.36,397.08,100.08,428.71,497.74
2023-01-06,130.28,339.96,303.42,567.33,349.85,423.67,398.26,115.69,422.27,498.48
2023-01-07,114.77,332.93,285.64,550.77,342.0,407.02,373.59,101.62,411.86,478.68
2023-01-08,82.31,295.18,263.25,531.63,325.4,390.32,369.43,76.21,386.7,475.21
2023-01-09,116.33,329.55,304.02,543.21,350.25,422.16,387.96,133.98,420.46,491.47
2023-01-10,142.41,335.27,299.57,564.72,352.6,423.36,393.06,110.49,426.83,491.31
2023-01-11,114.44,332.57,293.5,560.12,357.38,424.7,389.78,115.22,420.55,508.0
2023-01-12,147.65,335.1,300.43,571.19,348.52,422.19,393.67,120.31,422.06,496.28
2023-01-13,145.1,337.1,293.95,568.98,349.5,418.05,405.59,85.44,415.7,487.44
2023-01-14,114.4,321.29,276.36,541.16,339.59,412.42,382.38,96.36,400.89,475.74
2023-01-15,90.54,304.74,266.72,534.09,318.39,384.43,370.59,78.64,393.73,456.31
2023-01-16,126.66,333.55,297.04,557.11,361.31,408.82,396.89,107.09,419.4,493.63
2023-01-17,129.05,337.23,289.43,563.75,355.13,414.24,394.75,118.75,413.24,491.93
2023-01-18,147.5,325.92,303.65,560.05,345.71,425.01,399.46,116.25,411.07,489.48
2023-01-19,128.79,338.0,291.32,562.16,359.1,418.25,405.32,98.88,415.54,489.83
2023-01-20,118.87,328.2,296.2,573.0,355.48,421.5,389.5,121.22,426.56,500.48
2023-01-21,94.48,307.15,275.81,548.78,330.57,402.07,389.77,97.18,405.31,475.54
2023-01-22,92.53,310.57,259.93,530.57,325.97,390.79,373.8,84.82,387.72,455.39
2023-01-23,130.04,332.16,291.03,559.67,326.94,429.0,391.25,110.62,410.6,490.89
2023-01-24,125.3,337.65,288.22,557.71,345.48,419.0,397.8,104.97,424.81,493.97
2023-01-25,141.03,326.82,291.01,563.66,345.11,418.74,405.34,113.89,414.28,496.96
2023-01-26,136.97,336.5,293.18,558.13,344.72,412.3,408.13,110.41,418.41,492.85
2023-01-27,118.39,332.91,284.96,563.22,352.64,408.47,407.75,120.26,425.01,490.1
2023-01-28,111.84,314.13,278.85,543.71,323.18,397.75,384.24,108.46,399.13,478.07
2023-01-29,97.18,291.21,264.08,534.26,308.53,379.68,376.43,77.26,383.97,457.86
2023-01-30,148.73,329.91,288.9,555.01,343.61,411.37,404.69,126.88,416.28,476.46
2023-01-31,137.87,322.95,292.89,560.92,347.13,411.58,395.87,109.88,408.64,492.11
2023-02-01,134.12,331.49,291.97,557.2,344.92,424.4,397.24,121.08,402.55,483.71
2023-02-02,125.02,323.78,293.8,561.62,343.86,407.71,392.38,128.73,408.66,489.02
2023-02-03,143.31,334.35,289.73,565.9,350.52,412.06,403.48,120.77,402.67,484.6
2023-02-04,116.79,308.75,271.3,550.49,328.57,392.92,381.63,101.15,393.45,481.06
2023-02-05,86.22,294.77,254.8,536.11,312.08,373.61,375.68,82.37,382.46,438.71
2023-02-06,143.13,335.42,286.5,562.73,339.42,410.38,375.13,137.6,420.83,490.61
2023-02-07,134.21,327.3,286.65,554.4,339.09,410.06,403.53,126.08,410.2,483.95
2023-02-08,134.7,318.22,290.42,562.49,339.03,407.29,401.36,138.85,414.65,486.11
2023-02-09,131.77,327.55,282.95,553.56,342.12,410.69,398.71,120.41,416.11,492.54
2023-02-10,146.49,330.4,283.39,553.69,335.58,408.36,402.35,134.74,400.26,485.98
2023-02-11,110.2,306.29,268.8,548.97,311.71,397.88,390.45,107.72,395.78,466.15
2023-02-12,101.68,294.77,262.74,532.12,313.7,377.91,368.46,80.35,376.23,454.15
2023-02-13,147.86,311.01,298.97,551.47,341.28,412.5,405.83,132.06,410.28,489.91
2023-02-14,143.26,316.7,279.93,555.33,339.52,400.17,403.32,123.75,405.16,491.15
2023-02-15,137.65,314.69,277.81,564.82,333.77,408.16,403.87,132.32,407.68,490.77
2023-02-16,143.7,323.43,276.54,559.07,341.58,407.41,408.11,131.94,411.74,492.4
2023-02-17,128.37,319.63,283.76,562.0,344.92,407.87,401.73,149.19,399.06,485.74
2023-02-18,114.62,308.03,269.39,538.31,325.04,388.56,385.41,118.55,396.66,474.08
2023-02-19,95.86,286.11,254.14,519.94,297.24,376.2,372.37,75.81,378.87,455.08
2023-02-20,178.23,291.58,281.14,550.09,317.71,378.23,410.13,134.45,403.36,484.99
2023-02-21,144.7,299.52,282.86,562.18,307.19,396.08,406.1,134.4,413.25,470.6
2023-02-22,153.95,315.76,283.9,551.87,338.5,401.54,403.65,141.11,406.14,489.07
2023-02-23,111.33,326.18,295.31,553.84,335.09,405.66,400.15,139.95,403.37,485.52
2023-02-24,153.18,309.93,281.17,552.66,334.94,404.97,401.88,144.51,394.96,493.75
2023-02-25,119.89,298.37,268.96,540.48,321.42,388.87,390.37,115.72,386.47,465.44
2023-02-26,106.69,277.13,248.11,530.85,297.53,378.97,376.36,112.73,374.98,452.72
2023-02-27,141.1,320.52,280.82,553.95,325.15,404.03,408.27,140.25,396.18,459.35
2023-02-28,163.78,311.05,280.83,548.28,324.72,399.47,407.06,136.63,402.18,488.07
2023-03-01,158.53,316.17,291.7,548.64,331.08,402.18,410.52,141.82,400.15,475.39
2023-03-02,147.87,314.28,274.52,554.38,329.09,411.01,403.69,129.32,401.51,484.8
2023-03-03,145.4,313.43,277.06,556.1,326.7,401.96,399.08,118.32,399.76,478.84
2023-03-04,125.84,303.8,258.92,543.61,316.95,391.75,389.06,121.42,392.4,464.83
2023-03-05,104.54,291.65,249.43,527.94,294.51,357.83,379.93,109.94,369.01,455.87
2023-03-06,147.77,315.24,277.72,552.25,325.01,397.56,410.0,122.63,397.2,480.18
2023-03-07,158.39,312.01,271.41,555.38,333.79,401.22,407.78,133.1,407.64,474.32
2023-03-08,156.81,316.16,277.49,553.51,329.89,399.61,407.71,125.66,400.68,480.39
2023-03-09,143.77,323.72,277.15,563.88,336.62,394.59,403.21,173.51,399.0,471.34
2023-03-10,147.86,313.26,275.85,548.86,316.25,400.46,411.45,158.15,394.03,471.02
2023-03-11,144.21,304.87,258.57,550.65,325.14,378.3,396.25,123.86,382.42,461.88
2023-03-12,102.98,276.73,248.67,521.8,296.99,363.91,373.39,105.38,370.97,449.78
2023-03-13,164.73,310.3,275.3,557.67,326.67,394.72,411.4,152.09,400.5,482.69
2023-03-14,156.92,305.21,274.96,550.56,328.34,391.34,408.87,149.81,399.89,472.8
2023-03-15,149.83,306.01,274.47,554.52,321.63,400.99,401.02,141.39,397.31,472.34
2023-03-16,168.46,313.62,270.77,546.6,322.55,384.67,409.04,143.79,406.9,468.29
2023-03-17,158.56,302.72,272.36,550.8,324.54,402.8,401.69,152.24,392.07,482.06
2023-03-18,125.67,301.22,257.85,534.41,312.8,379.63,397.99,134.37,382.62,461.71
2023-03-19,121.43,275.84,239.18,523.74,292.35,361.5,379.82,98.93,359.6,454.33
2023-03-20,149.78,300.11,275.44,533.77,325.35,393.53,384.2,141.68,390.72,480.55
2023-03-21,150.66,301.28,265.82,564.34,328.95,390.25,412.39,147.64,389.39,474.16
2023-03-22,160.56,307.17,274.46,550.53,321.84,397.05,407.81,145.69,391.31,475.49
2023-03-23,163.92,305.7,268.07,562.33,316.32,392.02,417.88,156.97,394.7,475.49
2023-03-24,153.38,307.3,266.6,545.7,318.35,373.93,414.63,162.94,394.63,476.76
2023-03-25,140.23,285.57,254.87,535.13,305.87,372.86,396.54,126.29,379.16,456.44
2023-03-26,104.41,268.06,238.48,519.44,290.06,360.81,387.82,105.04,352.24,448.43
2023-03-27,184.98,297.86,273.17,548.59,325.45,386.02,409.58,141.45,389.69,479.33
2023-03-28,198.9,316.02,264.44,555.27,317.43,382.8,417.28,137.05,391.59,469.24
2023-03-29,168.04,301.75,263.54,548.17,323.52,380.06,415.73,154.61,390.81,471.47
2023-03-30,167.52,306.75,268.9,547.3,315.85,390.82,415.72,167.05,378.9,473.38
2023-03-31,136.05,301.57,276.33,556.41,323.61,387.28,404.63,142.28,383.05,482.88
2023-04-01,129.77,295.65,246.96,524.97,306.26,375.7,396.3,119.09,382.16,459.55
2023-04-02,128.08,273.96,242.89,522.52,284.44,360.73,381.51,114.68,363.87,446.95
2023-04-03,173.4,303.85,277.58,548.93,318.5,387.33,412.3,139.5,385.89,471.96
2023-04-04,180.47,291.58,264.07,549.63,322.86,389.63,415.66,147.95,389.99,474.49
2023-04-05,165.83,290.03,272.27,545.4,318.54,386.18,410.12,153.45,388.22,469.69
2023-04-06,129.9,301.99,265.45,532.0,315.72,356.2,406.43,156.18,382.22,444.1
2023-04-07,120.39,281.42,243.09,529.78,292.88,365.71,418.55,125.08,386.5,446.99
2023-04-08,159.12,288.82,228.33,536.5,301.79,359.28,403.11,135.43,379.78,448.72
2023-04-09,125.58,276.05,232.98,521.56,280.12,351.07,377.31,116.29,357.92,447.23
2023-04-10,169.84,297.33,259.5,550.13,326.32,382.11,416.85,155.25,384.55,469.82
2023-04-11,185.42,295.85,263.6,557.82,316.77,382.22,415.34,152.17,390.83,473.27
2023-04-12,166.97,299.57,260.54,553.79,324.67,386.21,418.55,148.81,388.82,467.46
2023-04-13,159.88,294.71,272.57,545.21,316.12,393.28,412.75,167.24,384.18,470.57
2023-04-14,198.5,298.75,269.59,552.36,319.61,378.75,416.24,157.28,381.11,466.92
2023-04-15,150.22,275.38,247.13,539.12,295.11,364.07,396.24,138.58,370.12,447.78
2023-04-16,113.85,261.07,231.68,513.02,283.63,349.27,387.0,110.38,359.98,441.58
2023-04-17,163.32,295.31,266.42,552.6,312.1,367.53,417.01,138.75,387.12,472.06
2023-04-18,170.21,303.17,274.43,545.74,309.98,378.09,415.63,165.89,396.75,466.12
2023-04-19,170.15,292.0,269.18,553.21,307.76,377.35,424.5,158.79,386.72,472.36
2023-04-20,163.98,296.56,264.33,558.61,304.21,380.94,420.33,149.07,386.61,461.82
2023-04-21,172.71,298.21,268.97,556.36,311.74,374.63,416.4,126.65,372.5,465.36
2023-04-22,137.12,281.73,236.95,532.78,298.63,367.95,401.56,144.92,362.06,455.82
2023-04-23,118.24,259.1,221.78,517.62,275.67,345.3,396.19,131.32,348.07,441.11
2023-04-24,174.92,286.93,261.18,546.88,307.02,375.13,413.71,191.69,376.5,467.92
2023-04-25,172.29,292.45,254.86,543.73,317.45,367.47,413.7,163.06,372.27,471.02
2023-04-26,184.07,299.74,258.72,545.49,307.64,368.41,415.39,182.68,382.85,468.16
2023-04-27,173.72,283.09,257.1,552.03,307.66,381.45,413.3,194.55,378.66,463.55
2023-04-28,179.77,288.28,258.69,541.77,315.01,378.24,417.95,185.45,382.64,470.17
2023-04-29,131.23,279.81,244.01,528.59,293.49,358.54,402.73,139.5,357.07,450.35
2023-04-30,129.35,260.53,225.31,508.43,287.64,341.97,385.23,130.03,348.76,439.02
2023-05-01,133.28,277.21,234.6,530.78,285.87,352.62,400.29,132.02,361.25,432.53
2023-05-02,159.65,288.21,260.66,546.01,301.37,367.48,424.32,189.77,384.01,462.6
2023-05-03,178.14,297.71,255.47,540.11,303.46,367.94,414.04,180.85,370.7,466.03
2023-05-04,180.53,291.01,254.0,541.17,308.79,376.42,425.11,178.65,374.96,461.67
2023-05-05,164.65,286.22,253.45,544.02,305.29,367.04,414.65,220.85,379.31,457.63
2023-05-06,146.31,275.15,235.75,527.81,287.82,354.19,401.61,144.74,361.8,444.46
2023-05-07,126.92,262.51,218.95,518.54,281.8,344.43,384.01,124.57,351.18,436.49
2023-05-08,172.73,289.67,261.11,536.61,299.47,360.53,420.16,199.66,376.31,468.23
2023-05-09,198.87,287.39,247.16,550.98,308.84,367.34,424.32,183.76,370.23,467.72
2023-05-10,181.24,286.55,253.98,542.4,307.33,371.69,422.66,173.6,372.84,461.9
2023-05-11,161.57,288.87,252.52,550.14,299.75,367.32,431.44,187.27,377.76,464.58
2023-05-12,174.69,288.06,251.49,542.17,300.11,369.99,421.28,186.37,369.82,464.77
2023-05-13,153.93,280.13,239.11,532.09,268.59,347.14,407.44,170.71,351.74,447.18
2023-05-14,124.7,256.43,234.93,515.28,269.84,334.12,384.22,155.46,343.22,438.6
2023-05-15,187.54,283.06,260.13,540.29,304.77,360.89,430.74,178.17,376.6,440.05
2023-05-16,180.86,281.5,249.61,544.72,305.12,365.19,413.26,193.41,363.27,459.89
2023-05-17,174.9,284.4,242.67,535.1,292.5,364.69,424.96,198.15,372.22,461.45
2023-05-18,168.52,282.92,251.44,550.43,307.25,363.43,426.14,187.23,366.23,469.87
2023-05-19,202.66,294.44,249.04,535.17,290.68,354.05,426.64,164.27,375.42,462.95
2023-05-20,165.6,266.9,230.1,522.87,280.11,349.92,405.09,151.58,349.28,450.04
2023-05-21,124.93,260.48,222.87,509.69,261.89,342.8,386.67,128.88,341.35,439.79
2023-05-22,214.19,291.61,247.11,511.5,302.63,369.19,430.06,169.18,374.46,462.63
2023-05-23,181.44,292.19,246.01,550.03,290.72,366.88,420.35,188.62,366.24,460.68
2023-05-24,211.4,264.24,256.73,532.27,299.09,363.04,427.7,249.1,372.06,463.38
2023-05-25,175.54,274.07,252.56,549.45,301.37,342.29,422.31,202.39,368.26,463.58
2023-05-26,199.47,263.25,246.05,541.49,289.2,328.37,424.75,201.08,370.29,456.07
2023-05-27,166.54,269.97,239.41,520.55,287.72,337.34,409.1,162.78,354.48,440.76
2023-05-28,137.69,255.97,217.79,505.42,256.11,324.68,397.16,129.19,335.59,422.11
2023-05-29,170.84,282.58,243.78,542.05,291.31,352.26,427.1,172.91,364.45,461.94
2023-05-30,190.54,273.73,243.04,543.83,297.78,360.55,433.15,186.47,371.24,464.61
2023-05-31,194.4,278.07,243.48,546.23,297.67,350.46,422.27,191.52,367.54,466.9
2023-06-01,191.89,281.4,243.46,531.33,294.66,361.38,424.23,178.42,371.12,453.02
2023-06-02,185.83,282.65,240.05,528.95,290.73,367.07,436.17,228.09,368.03,456.64
2023-06-03,166.74,272.89,226.91,516.37,282.3,338.07,404.67,172.51,349.52,445.63
2023-06-04,141.35,242.42,206.88,502.98,271.29,333.6,397.79,152.67,335.3,424.93
2023-06-05,197.95,275.42,236.22,532.71,278.21,355.04,432.4,182.55,357.23,455.16
2023-06-06,203.82,281.6,244.64,546.36,289.08,357.11,422.87,189.5,371.22,456.54
2023-06-07,219.79,273.05,245.64,531.81,299.22,358.99,424.27,211.65,358.51,460.24
2023-06-08,209.67,283.71,241.49,535.6,274.81,355.38,432.59,208.76,354.36,454.01
2023-06-09,210.78,275.02,236.01,536.34,280.7,358.15,411.78,245.19,366.45,449.8
2023-06-10,143.18,261.23,224.89,515.13,279.66,340.76,416.5,193.62,346.47,447.63
2023-06-11,129.07,240.79,203.94,498.26,266.19,334.16,387.97,153.55,329.76,423.54
2023-06-12,189.24,274.75,234.09,517.4,287.51,350.55,422.89,223.61,358.19,436.47
2023-06-13,206.26,271.56,236.65,533.73,291.66,359.44,432.57,230.25,358.88,446.34
2023-06-14,182.57,274.72,241.71,531.4,297.67,353.85,427.64,231.94,361.7,455.64
2023-06-15,200.27,276.56,249.38,534.67,283.48,351.77,432.36,235.46,358.57,457.85
2023-06-16,213.61,273.97,241.98,525.06,287.19,354.75,438.96,189.87,364.8,459.15
2023-06-17,172.92,257.37,221.13,522.17,275.01,314.96,401.54,180.71,339.07,436.22
2023-06-18,131.52,238.05,203.08,502.75,260.35,321.14,404.28,131.84,328.05,425.63
2023-06-19,207.54,259.28,240.31,521.7,284.31,330.11,424.53,197.49,362.38,443.74
2023-06-20,201.25,267.05,241.75,534.08,287.82,330.99,425.93,197.28,347.94,444.43
2023-06-21,208.75,268.46,214.99,539.26,260.88,351.54,424.56,239.84,368.98,450.2
2023-06-22,230.79,268.24,241.18,533.32,284.15,353.75,429.05,206.76,352.49,453.74
2023-06-23,209.04,277.18,241.57,537.27,289.26,355.9,431.55,174.92,360.59,455.53
2023-06-24,161.28,247.05,220.34,520.86,275.89,328.69,408.68,196.79,345.31,433.68
2023-06-25,120.04,240.62,205.18,500.72,257.64,313.86,399.0,151.41,321.23,422.02
2023-06-26,214.07,275.88,210.82,540.31,289.96,350.07,431.44,223.81,355.14,454.04
2023-06-27,218.01,264.46,227.42,528.09,286.66,348.79,432.35,208.53,348.2,443.8
2023-06-28,199.02,267.89,233.23,535.87,285.27,354.15,435.84,218.29,353.8,453.16
2023-06-29,160.61,269.59,233.98,536.35,287.11,346.17,428.35,215.33,350.87,453.62
2023-06-30,199.72,267.35,230.27,542.27,279.62,341.68,428.56,236.27,344.72,447.25
2023-07-01,200.41,242.8,215.13,519.99,269.5,327.89,420.1,213.08,334.17,434.08
2023-07-02,154.01,239.94,206.53,503.97,258.31,305.08,402.47,148.18,324.36,415.46
2023-07-03,233.18,268.1,231.03,520.41,281.08,338.02,427.55,229.69,354.44,454.92
2023-07-04,253.91,272.93,243.5,533.2,288.63,346.69,429.38,213.89,347.74,447.06
2023-07-05,199.53,266.12,233.36,534.81,285.03,340.36,429.28,236.26,345.94,455.07
2023-07-06,211.73,264.91,235.98,524.81,284.5,340.25,434.65,210.16,345.21,452.83
2023-07-07,201.25,268.36,228.96,528.36,291.08,339.94,421.72,221.07,350.24,444.76
2023-07-08,186.51,252.87,213.46,516.09,272.88,326.71,411.89,199.86,335.03,424.03
2023-07-09,162.18,227.19,196.93,496.38,252.03,312.03,401.65,184.45,320.03,429.7
2023-07-10,193.5,265.27,224.69,523.17,273.46,350.69,429.11,252.89,350.02,445.98
2023-07-11,224.56,254.16,235.51,531.55,265.37,336.2,430.02,230.68,352.6,450.66
2023-07-12,200.36,264.72,233.09,530.42,277.63,333.61,433.21,226.76,351.74,440.86
2023-07-13,229.69,263.97,225.8,529.56,283.66,339.11,430.74,252.46,348.77,439.13
2023-07-14,249.5,260.58,229.28,533.43,275.9,339.3,430.3,247.5,351.07,442.88
2023-07-15,196.05,233.41,213.91,510.0,256.89,324.68,420.13,204.9,329.62,439.6
2023-07-16,170.14,232.82,194.41,505.62,241.4,307.87,399.8,144.95,319.25,418.67
2023-07-17,238.59,267.22,227.66,540.46,280.64,337.25,427.74,238.27,344.91,449.74
2023-07-18,208.34,266.62,222.48,520.76,271.97,344.11,444.46,249.44,328.17,440.3
2023-07-19,229.96,264.46,226.68,529.18,278.11,330.54,440.0,214.99,336.37,444.0
2023-07-20,232.47,258.0,229.36,505.52,264.15,335.38,436.74,226.21,341.13,444.48
2023-07-21,229.43,263.55,224.62,522.81,273.69,331.36,433.53,275.24,356.26,441.57
2023-07-22,200.02,237.1,216.15,516.08,260.47,313.42,419.09,218.76,332.51,426.79
2023-07-23,154.82,226.67,198.21,492.0,239.13,305.49,412.23,160.79,312.49,416.26
2023-07-24,244.66,259.58,217.54,518.09,272.21,338.65,438.88,217.94,348.97,441.12
2023-07-25,187.63,257.49,225.59,528.73,267.57,340.83,432.0,212.72,340.97,445.34
2023-07-26,247.38,249.75,222.98,527.3,263.58,334.72,430.42,245.81,335.73,442.75
2023-07-27,199.33,254.65,221.8,520.22,270.89,331.39,437.5,288.7,356.65,440.21
2023-07-28,144.26,251.15,216.56,526.48,270.38,321.69,436.33,242.54,344.03,441.82
2023-07-29,131.41,226.57,211.57,522.34,252.02,324.91,410.59,226.54,326.69,427.49
2023-07-30,187.81,219.84,187.67,497.42,241.39,298.7,414.75,164.0,302.47,421.34
2023-07-31,228.95,249.78,225.65,523.93,275.8,326.59,443.02,244.49,341.94,443.57
2023-08-01,222.15,244.87,224.44,530.99,262.07,331.02,431.33,269.0,340.45,437.53
2023-08-02,262.54,248.31,226.92,533.46,265.08,317.93,427.05,210.37,345.5,443.97
2023-08-03,233.8,261.15,218.59,534.4,265.38,323.42,443.75,225.19,334.99,443.72
2023-08-04,219.78,253.23,225.79,537.74,255.26,335.17,433.91,259.17,344.56,438.52
2023-08-05,210.54,228.06,200.94,519.15,249.36,299.99,419.7,226.85,324.78,433.42
2023-08-06,149.1,221.45,197.37,488.07,228.99,301.79,410.59,181.52,306.54,415.14
2023-08-07,226.74,261.14,221.22,512.96,241.51,330.82,432.0,247.64,337.96,439.02
2023-08-08,236.76,252.31,218.9,524.6,267.38,329.22,438.11,251.71,334.67,440.2
2023-08-09,245.51,241.72,219.41,528.66,265.43,325.2,440.7,282.8,340.43,441.61
2023-08-10,229.25,234.09,222.46,528.85,260.68,323.44,431.97,273.87,350.95,444.65
2023-08-11,210.01,234.13,213.91,531.8,258.41,321.17,435.78,274.0,335.98,449.32
2023-08-12,227.73,243.08,203.03,508.33,252.07,299.05,423.22,255.81,315.14,427.17
2023-08-13,160.73,220.31,184.4,499.94,240.92,293.58,408.66,173.44,312.98,412.11
2023-08-14,249.63,248.55,216.98,522.15,260.48,323.01,440.91,289.88,338.36,441.86
2023-08-15,251.55,249.53,192.86,524.79,268.87,317.96,441.52,230.48,338.83,411.63
2023-08-16,247.43,242.08,216.49,528.34,256.92,319.99,432.64,273.32,338.19,434.12
2023-08-17,226.77,251.36,220.09,522.77,258.95,327.02,436.28,286.74,329.94,442.02
2023-08-18,242.4,250.08,211.29,515.76,261.84,319.25,435.96,272.76,340.27,439.33
2023-08-19,211.5,231.26,199.91,500.85,248.84,299.51,435.08,243.81,314.06,418.59
2023-08-20,162.79,217.19,189.84,503.84,224.45,294.17,404.65,178.11,302.94,411.9
2023-08-21,240.22,246.35,216.15,495.97,255.61,299.9,443.98,280.02,327.75,432.96
2023-08-22,252.12,241.59,219.44,530.51,255.59,326.53,442.26,306.75,325.32,428.11
2023-08-23,236.47,252.0,207.38,510.84,259.62,322.45,442.56,243.6,335.2,432.31
2023-08-24,256.05,251.93,209.12,517.65,262.05,321.09,440.7,268.68,329.43,439.74
2023-08-25,242.03,235.41,213.22,522.99,258.7,312.4,442.98,324.51,310.67,441.27
2023-08-26,201.71,226.34,202.88,506.84,252.22,302.27,427.94,263.33,312.47,420.37
2023-08-27,200.63,209.83,179.6,491.54,217.98,292.58,420.06,194.33,296.63,415.65
2023-08-28,266.94,246.91,216.57,519.55,252.39,316.08,442.97,310.76,335.85,430.08
2023-08-29,277.78,241.85,207.09,525.56,252.35,318.26,441.2,293.61,330.38,438.86
2023-08-30,212.52,240.74,218.34,516.76,257.87,313.54,442.54,272.73,332.08,441.19
2023-08-31,242.19,236.0,205.85,517.08,261.48,320.22,449.21,285.49,328.32,443.48
2023-09-01,211.49,232.94,217.83,524.88,261.84,311.95,441.28,285.52,331.85,429.08
2023-09-02,191.92,218.89,192.3,509.12,236.95,288.86,417.49,241.75,321.72,421.77
2023-09-03,198.65,204.73,177.72,485.07,215.72,275.49,414.24,206.24,297.57,408.66
2023-09-04,267.85,236.32,204.92,516.37,260.72,315.62,440.31,275.32,335.18,441.34
2023-09-05,269.89,232.13,207.84,521.4,253.29,309.84,432.18,246.63,334.95,436.4
2023-09-06,242.88,241.25,219.09,526.52,259.54,310.61,439.2,333.93,327.44,441.7
2023-09-07,250.82,233.76,210.56,519.14,260.97,310.7,436.74,205.76,326.56,428.67
2023-09-08,241.56,233.13,206.43,516.84,255.23,314.25,445.83,297.04,321.52,433.4
2023-09-09,232.39,222.3,190.01,509.22,241.29,307.44,434.78,258.05,306.87,424.62
2023-09-10,187.99,212.35,180.74,501.22,218.39,287.37,414.45,214.29,300.28,406.89
2023-09-11,249.25,240.18,200.1,521.47,258.03,313.62,439.28,265.65,330.01,433.97
2023-09-12,254.5,238.47,208.87,515.74,251.01,310.69,436.15,315.96,320.59,425.22
2023-09-13,243.22,240.38,208.3,522.28,253.43,306.65,448.14,266.62,328.77,431.36
2023-09-14,258.58,240.11,204.05,512.1,247.15,311.63,447.98,336.05,316.36,429.64
2023-09-15,266.13,235.49,206.17,525.63,247.81,313.08,448.93,353.51,321.27,441.13
2023-09-16,250.38,232.19,189.08,508.74,225.35,296.23,411.2,259.19,311.09,412.67
2023-09-17,170.15,204.74,176.84,487.31,230.11,275.75,418.75,224.83,298.52,401.09
2023-09-18,324.14,240.27,184.01,514.65,243.73,320.72,440.18,312.41,311.48,433.7
2023-09-19,284.41,227.91,187.47,512.45,246.29,304.04,449.1,284.22,326.25,427.03
2023-09-20,292.57,229.5,200.96,515.16,240.58,305.77,443.21,287.67,317.73,424.81
2023-09-21,228.49,238.57,204.41,516.06,243.76,307.97,447.87,310.11,322.23,436.61
2023-09-22,281.33,229.96,202.58,522.72,237.25,305.98,452.43,307.41,329.41,428.65
2023-09-23,211.97,211.87,183.26,494.28,229.99,294.65,427.51,291.04,297.43,414.38
2023-09-24,237.77,201.39,166.79,497.94,219.39,274.41,414.76,230.24,291.78,403.83
2023-09-25,298.73,232.05,206.59,515.66,240.59,306.35,454.94,338.6,325.34,433.76
2023-09-26,288.85,227.11,190.01,518.04,242.88,307.28,449.46,310.91,326.16,423.77
2023-09-27,278.82,228.5,188.26,527.75,248.95,301.18,454.69,300.76,312.8,425.61
2023-09-28,335.36,220.43,203.68,521.49,240.33,306.55,444.87,316.25,324.88,419.31
2023-09-29,288.98,220.52,204.46,515.53,253.22,305.41,445.75,312.71,326.74,413.16
2023-09-30,260.44,219.7,188.83,502.42,229.26,283.12,436.53,269.33,306.89,408.0
2023-10-01,249.85,201.56,176.89,478.86,218.63,277.69,417.66,240.9,293.02,392.12
2023-10-02,258.73,230.84,201.63,524.2,244.74,306.26,440.78,319.3,313.16,420.89
2023-10-03,291.9,234.89,202.68,523.16,233.88,300.24,447.51,349.31,326.02,421.13
2023-10-04,279.0,218.96,198.47,509.43,249.19,296.2,451.24,296.82,313.57,422.69
2023-10-05,251.86,232.12,200.54,514.21,242.82,304.8,449.69,322.26,317.34,420.77
2023-10-06,246.56,223.6,206.13,518.81,241.48,300.78,454.04,357.35,305.51,425.35
2023-10-07,227.34,206.95,184.15,500.8,227.79,284.56,437.02,250.6,290.68,412.14
2023-10-08,177.01,199.1,161.96,476.05,212.44,267.35,423.54,268.08,284.1,396.31
2023-10-09,321.81,200.68,169.92,518.23,240.57,296.84,446.84,348.09,318.95,417.01
2023-10-10,277.58,220.38,199.89,510.99,239.06,298.93,451.15,406.88,314.28,425.94
2023-10-11,278.37,231.02,189.05,523.85,229.84,295.82,450.13,343.25,311.86,436.14
2023-10-12,272.78,224.27,191.78,511.0,233.96,291.19,447.61,265.62,310.77,423.73
2023-10-13,267.96,230.98,190.89,514.75,237.27,288.89,443.56,383.19,310.74,428.2
2023-10-14,259.56,215.34,190.1,497.73,223.86,281.63,438.73,259.69,290.01,407.34
2023-10-15,187.86,196.52,162.58,482.67,210.16,258.61,418.55,242.39,280.66,392.93
2023-10-16,286.85,222.0,191.51,493.76,234.46,279.37,459.85,368.62,308.45,425.71
2023-10-17,303.16,225.02,196.95,512.05,203.9,299.46,452.44,334.4,312.51,421.15
2023-10-18,315.86,217.0,193.75,503.82,241.6,309.88,450.03,358.97,311.24,426.89
2023-10-19,304.9,226.97,182.62,507.76,228.07,299.61,460.39,342.08,309.56,425.81
2023-10-20,283.92,218.91,189.43,518.95,223.13,296.09,448.14,310.75,306.38,424.05
2023-10-21,266.6,205.7,164.55,489.12,208.38,278.76,433.09,290.35,293.33,411.59
2023-10-22,209.0,193.57,161.31,482.26,204.05,269.2,423.81,262.28,278.44,391.04
2023-10-23,296.7,221.86,193.53,513.89,230.8,287.64,454.31,364.79,316.73,427.17
2023-10-24,287.98,217.98,189.18,513.12,235.23,292.61,452.08,342.56,302.69,421.16
2023-10-25,297.64,226.01,198.44,513.12,230.0,305.71,452.34,345.33,306.69,417.54
2023-10-26,307.72,217.54,177.25,512.45,234.87,293.75,451.28,324.15,306.51,430.29
2023-10-27,361.64,206.72,176.01,510.42,227.99,286.68,452.07,368.14,307.28,419.9
2023-10-28,329.73,203.62,171.85,495.98,222.76,269.31,442.21,328.7,290.84,400.55
2023-10-29,199.92,194.58,158.76,484.67,199.56,261.32,428.61,258.74,276.45,396.64
2023-10-30,319.87,203.69,184.66,515.59,236.54,290.8,452.85,372.09,309.76,421.18
2023-10-31,316.47,225.72,187.15,512.02,234.17,295.62,457.46,380.7,309.79,416.35
2023-11-01,240.15,216.33,168.78,509.45,227.02,301.93,462.57,356.02,290.66,421.03
2023-11-02,253.15,197.77,180.09,505.31,212.66,288.63,458.03,263.64,301.96,420.94
2023-11-03,310.84,197.41,183.14,516.17,228.02,276.15,453.44,365.7,309.24,413.92
2023-11-04,300.97,206.04,165.98,499.64,215.58,267.63,446.14,291.86,279.1,403.56
2023-11-05,229.57,177.87,150.15,473.3,203.84,262.36,425.95,242.67,277.0,383.68
2023-11-06,315.62,212.77,186.93,483.71,229.51,286.59,449.82,402.03,299.85,423.85
2023-11-07,325.71,220.05,183.73,508.03,226.91,278.13,467.0,406.16,302.99,422.69
2023-11-08,291.59,225.84,187.25,495.39,224.1,287.04,449.17,390.57,299.4,419.94
2023-11-09,332.53,218.81,183.29,513.58,225.38,281.49,458.39,350.17,290.13,421.43
2023-11-10,328.99,219.9,184.65,506.28,229.15,289.63,455.27,361.95,309.29,413.48
2023-11-11,302.57,207.01,179.39,486.78,214.06,266.22,436.28,363.97,293.36,405.33
2023-11-12,217.48,184.92,158.07,477.14,190.21,254.8,433.27,260.83,270.21,382.98
2023-11-13,337.87,209.5,177.96,496.74,229.33,282.28,454.96,397.41,302.38,410.29
2023-11-14,289.86,204.86,178.44,511.14,216.24,288.58,468.02,368.05,297.43,415.39
2023-11-15,349.47,222.28,183.77,511.37,219.75,277.54,457.97,266.05,294.68,415.94
2023-11-16,321.54,215.18,185.54,500.69,229.58,280.51,459.48,364.63,300.18,417.96
2023-11-17,293.42,213.02,177.93,514.28,227.39,276.23,447.13,373.38,299.5,415.29
2023-11-18,273.6,185.17,159.53,490.8,214.32,264.39,446.92,353.69,278.85,398.36
2023-11-19,269.37,187.91,149.42,480.34,191.45,254.94,430.95,259.5,263.85,390.01
2023-11-20,318.98,211.09,187.02,506.38,220.52,261.12,428.67,479.41,295.09,414.22
2023-11-21,332.38,209.76,181.54,503.64,222.62,281.82,471.1,448.33,287.92,409.37
2023-11-22,332.21,199.3,177.22,503.32,221.91,276.87,464.31,372.2,308.14,402.85
2023-11-23,333.17,212.04,178.39,507.75,224.0,278.13,454.65,411.27,296.77,416.67
2023-11-24,337.31,205.01,175.1,508.32,217.75,275.05,455.7,425.93,285.27,416.3
2023-11-25,279.23,186.68,166.32,492.12,200.44,263.28,440.82,374.88,275.43,392.89
2023-11-26,265.11,180.83,140.59,474.23,196.49,245.8,438.91,281.31,264.1,380.31
2023-11-27,330.17,216.43,175.95,499.18,220.81,272.38,463.3,407.43,293.93,419.13
2023-11-28,294.42,209.51,179.81,500.66,221.58,277.67,460.99,444.89,295.88,412.16
2023-11-29,355.74,205.52,174.85,509.5,219.69,281.68,470.37,393.25,292.06,412.62
2023-11-30,311.82,201.89,180.15,501.46,225.16,275.84,456.67,405.54,291.67,406.57
2023-12-01,363.34,193.88,180.39,512.21,227.45,281.47,462.65,463.78,294.88,410.78
2023-12-02,277.45,190.93,168.89,486.31,199.81,263.85,447.1,362.52,276.96,387.57
2023-12-03,252.64,168.67,145.02,474.66,180.45,250.37,427.3,319.01,261.74,378.58
2023-12-04,357.22,197.29,169.72,510.44,216.67,266.07,456.6,462.2,288.19,403.64
2023-12-05,362.06,206.06,167.99,506.9,217.58,277.13,470.87,404.69,285.77,413.88
2023-12-06,403.55,202.85,173.82,506.15,210.46,271.79,463.67,405.79,283.0,415.83
2023-12-07,339.28,203.45,164.99,504.69,216.96,264.99,461.63,457.3,287.44,410.46
2023-12-08,305.5,195.92,158.64,488.78,214.6,252.11,460.57,442.9,291.03,385.02
2023-12-09,207.72,191.39,153.35,492.96,193.78,262.16,433.28,351.17,275.33,393.0
2023-12-10,209.2,168.52,137.85,475.84,187.98,240.17,437.63,272.37,253.75,383.74
2023-12-11,333.84,193.91,169.33,502.88,210.57,272.93,449.48,402.72,293.19,410.81
2023-12-12,356.22,202.68,172.95,502.69,209.57,257.67,464.09,425.32,283.46,406.56
2023-12-13,380.52,197.75,168.72,501.33,218.48,273.36,467.57,470.75,288.98,399.08
2023-12-14,365.17,198.52,172.29,500.41,210.7,264.56,463.97,455.39,295.99,404.23
2023-12-15,368.74,198.84,168.72,511.25,215.83,264.7,469.09,430.97,282.16,405.48
2023-12-16,294.75,189.62,157.84,483.11,193.0,255.12,442.56,414.86,276.7,392.95
2023-12-17,254.39,173.22,146.72,478.92,182.75,238.92,438.2,321.94,260.25,374.74
2023-12-18,383.37,199.68,165.73,492.78,211.75,268.23,463.54,452.83,287.98,401.73
2023-12-19,387.21,197.51,169.19,498.58,219.5,263.77,464.09,420.92,290.14,405.0
2023-12-20,397.38,202.12,161.04,500.57,207.52,269.39,460.11,428.74,283.21,408.08
2023-12-21,375.65,198.56,167.94,498.22,204.2,260.49,459.42,470.65,285.15,409.72
2023-12-22,413.27,194.95,176.0,500.2,206.11,270.01,467.87,431.49,282.87,412.86
2023-12-23,293.72,177.56,157.38,483.04,193.22,252.73,457.52,331.18,269.6,391.44
2023-12-24,255.5,170.5,146.81,472.33,181.15,233.85,442.45,292.51,258.83,367.07
2023-12-25,260.52,178.78,148.23,477.36,194.61,247.97,442.5,343.28,267.24,383.93
2023-12-26,393.94,195.51,162.03,500.42,212.4,262.16,465.19,491.26,294.18,401.07
2023-12-27,359.52,196.41,171.47,495.47,209.88,264.62,470.42,381.96,278.7,402.69
2023-12-28,379.09,181.96,176.35,510.2,213.92,259.69,471.88,442.8,283.39,404.38
2023-12-29,352.38,190.43,165.67,491.5,201.84,255.35,466.82,486.16,277.16,388.72
2023-12-30,303.07,168.9,146.8,486.64,197.64,250.4,447.21,405.47,263.02,389.91
2023-12-31,260.44,163.33,128.55,466.23,180.94,225.71,444.1,323.97,248.83,379.71
2024-01-01,246.62,167.4,145.89,477.92,192.75,236.04,454.32,327.86,260.57,383.57
2024-01-02,384.55,183.86,170.95,500.85,206.67,258.96,472.09,471.13,286.11,405.47
2024-01-03,388.8,186.96,158.26,492.11,196.56,268.84,471.15,479.2,278.63,402.16
2024-01-04,385.23,196.95,161.49,496.72,202.79,254.74,465.81,486.1,273.36,405.15
2024-01-05,383.0,189.37,159.95,500.69,194.63,254.49,464.97,548.69,276.73,399.79
2024-01-06,284.12,170.87,151.66,484.42,185.83,238.68,449.18,393.89,266.47,390.19
2024-01-07,253.76,159.68,130.79,478.28,169.13,229.2,434.93,332.44,246.31,366.77
2024-01-08,400.26,184.44,168.6,483.66,198.48,263.19,464.46,549.92,276.27,404.29
2024-01-09,441.75,188.43,157.67,499.45,201.76,255.36,464.3,515.08,281.02,407.5
2024-01-10,380.01,183.68,160.59,499.46,208.43,249.82,469.78,576.05,270.47,401.56
2024-01-11,381.57,183.95,160.82,496.2,204.0,248.61,468.04,468.96,284.34,410.01
2024-01-12,366.31,189.49,159.22,496.44,197.37,251.19,472.13,548.32,267.28,402.73
2024-01-13,349.38,166.95,145.79,476.74,182.65,243.82,453.1,387.42,256.4,378.69
2024-01-14,282.58,156.28,129.71,473.91,172.94,227.06,440.05,339.73,239.5,369.06
2024-01-15,387.91,188.48,162.88,492.35,198.47,256.02,464.13,491.29,276.91,408.26
2024-01-16,400.52,180.18,158.12,490.87,206.59,258.1,459.94,463.76,271.69,412.82
2024-01-17,363.65,186.43,158.56,490.45,202.89,250.8,460.45,547.97,278.39,407.47
2024-01-18,461.06,186.43,155.67,494.86,198.52,257.41,465.22,537.61,267.97,393.44
2024-01-19,468.44,177.77,162.28,496.4,194.53,250.15,474.45,458.84,268.45,395.02
2024-01-20,341.93,163.68,145.7,481.8,191.21,226.7,450.64,421.49,250.36,389.99
2024-01-21,265.53,152.35,119.22,466.38,165.44,228.91,454.24,385.08,232.16,371.72
2024-01-22,340.1,186.18,160.66,492.55,165.55,250.46,471.77,575.28,274.99,388.88
2024-01-23,378.79,183.87,163.15,489.04,195.32,253.0,462.69,561.37,266.44,394.37
2024-01-24,381.41,169.06,150.71,497.66,200.73,247.12,469.32,531.11,270.09,401.25
2024-01-25,356.05,178.97,154.08,496.73,195.4,251.22,484.75,457.9,279.38,398.8
2024-01-26,420.63,185.11,159.13,491.57,190.21,244.1,471.39,607.08,264.19,390.54
2024-01-27,354.0,164.94,142.13,479.67,172.54,234.14,453.73,397.16,253.49,386.92
2024-01-28,272.38,157.77,123.73,463.76,165.43,215.3,450.89,365.17,240.99,370.99
2024-01-29,418.24,170.78,161.96,493.35,188.08,249.01,474.94,578.69,270.1,392.52
2024-01-30,445.95,181.12,153.2,494.66,190.59,244.25,469.53,593.08,264.93,393.78
2024-01-31,398.41,177.66,155.97,486.43,193.0,248.68,471.02,482.55,266.65,397.36
2024-02-01,457.79,171.31,160.92,497.29,195.43,240.19,482.53,553.11,261.49,397.95
2024-02-02,452.88,169.94,151.17,489.06,192.22,248.0,482.04,513.68,266.35,402.85
2024-02-03,326.66,170.57,141.17,485.06,180.55,239.51,466.17,473.55,258.99,380.39
2024-02-04,292.75,155.11,117.74,455.75,161.63,212.18,436.69,366.75,251.0,360.91
2024-02-05,415.16,179.68,149.58,495.22,191.32,250.17,450.1,519.99,269.61,394.6
2024-02-06,432.91,170.03,152.63,486.97,190.65,250.97,477.36,492.55,264.18,396.52
2024-02-07,414.4,173.3,149.04,487.82,198.7,236.03,479.59,562.87,272.49,391.45
2024-02-08,461.63,173.02,149.42,492.72,191.74,245.04,473.04,477.31,271.5,393.56
2024-02-09,457.37,177.84,149.28,491.48,188.35,243.69,480.45,459.41,268.54,400.39
2024-02-10,395.1,166.23,131.75,474.95,176.13,225.06,456.58,438.66,255.36,381.05
2024-02-11,323.43,143.37,122.16,465.6,162.18,206.8,443.75,369.92,229.92,358.57
2024-02-12,435.28,153.16,157.09,495.6,169.49,224.05,464.26,591.6,266.31,395.46
2024-02-13,399.69,153.31,146.56,488.13,171.35,220.04,476.63,600.9,265.74,387.31
2024-02-14,453.02,177.1,139.02,495.45,182.29,243.99,477.85,481.65,263.59,390.3
2024-02-15,496.68,175.03,145.12,490.63,179.1,236.61,471.98,588.23,265.32,394.34
2024-02-16,425.7,167.8,144.73,494.86,187.48,240.93,476.78,526.04,255.03,386.44
2024-02-17,371.24,159.37,135.62,473.32,171.16,226.29,456.18,449.82,241.82,376.03
2024-02-18,284.37,138.8,118.81,452.12,157.72,210.13,443.97,410.82,224.71,364.67
2024-02-19,486.37,172.82,140.29,489.09,191.2,233.88,474.78,642.07,259.18,391.22
2024-02-20,424.18,180.17,147.25,497.61,186.98,239.68,475.91,546.6,264.33,390.4
2024-02-21,486.18,174.06,138.6,484.29,183.92,232.73,478.25,574.75,257.83,386.43
2024-02-22,460.13,165.46,148.12,482.39,177.25,231.84,481.76,572.56,255.12,394.61
2024-02-23,438.63,166.46,151.71,491.57,182.23,234.83,481.38,523.47,251.12,399.97
2024-02-24,379.2,160.28,124.1,472.88,165.84,219.82,458.87,460.96,245.3,375.45
2024-02-25,283.93,134.3,116.56,460.79,161.35,208.06,452.44,410.46,223.52,357.9
2024-02-26,467.04,171.6,141.58,488.56,177.03,220.65,481.89,621.14,263.74,376.76
2024-02-27,415.74,168.33,140.4,483.05,177.4,236.34,481.15,554.87,260.78,392.56
2024-02-28,504.81,163.24,143.83,491.4,176.12,230.23,468.56,605.65,263.66,389.08
2024-02-29,423.47,165.74,144.67,481.82,171.28,237.38,485.16,653.68,252.47,382.01
2024-03-01,522.56,174.38,140.01,479.83,186.02,228.44,478.32,523.62,255.97,378.12
2024-03-02,365.86,149.09,123.92,466.88,165.39,220.82,462.45,477.93,245.39,373.22
2024-03-03,331.94,137.86,109.35,468.4,148.54,203.07,451.33,354.29,224.99,358.12
2024-03-04,494.86,165.45,143.85,487.95,182.33,234.9,477.22,686.31,249.15,380.37
2024-03-05,444.39,168.44,151.11,485.1,184.22,235.55,492.27,652.71,244.62,384.82
2024-03-06,448.38,164.83,144.8,492.87,176.16,231.08,484.54,596.41,259.15,391.31
2024-03-07,423.44,164.81,129.31,487.29,184.77,236.32,487.61,628.68,249.29,379.47
2024-03-08,415.64,169.21,140.46,490.15,173.81,232.35,486.13,622.25,260.01,381.0
2024-03-09,382.02,154.44,114.04,471.01,161.23,214.83,466.19,538.27,237.04,370.42
2024-03-10,369.46,131.13,114.72,455.3,140.73,195.95,453.31,455.92,212.56,358.2
2024-03-11,467.63,171.6,141.54,485.61,180.46,234.75,488.3,736.6,244.32,389.7
2024-03-12,486.5,166.28,143.31,493.19,171.05,226.51,478.27,595.22,252.05,384.98
2024-03-13,557.89,154.58,143.26,486.98,173.26,233.49,484.9,621.63,248.34,383.87
2024-03-14,432.85,163.47,138.66,481.53,172.95,234.65,484.94,588.29,253.76,396.14
2024-03-15,472.62,160.68,136.89,491.69,175.42,218.41,485.78,642.82,247.07,377.69
2024-03-16,515.72,142.62,128.79,469.45,151.0,223.35,463.41,561.7,232.29,365.65
2024-03-17,328.18,139.66,105.63,460.88,140.27,197.37,451.74,437.36,221.19,358.94
2024-03-18,463.75,163.0,139.52,486.44,179.3,228.26,454.05,671.07,256.12,384.54
2024-03-19,559.78,162.96,132.42,484.67,173.16,228.35,486.16,657.26,245.38,385.03
2024-03-20,493.89,155.05,132.39,485.72,179.53,224.52,481.15,610.09,253.05,382.12
2024-03-21,524.36,162.43,138.3,482.97,166.63,230.21,475.36,652.92,249.15,386.27
2024-03-22,447.39,158.29,133.59,485.84,154.63,233.24,481.04,606.56,254.41,385.6
2024-03-23,420.74,149.53,117.37,474.9,164.64,205.82,472.47,516.36,230.52,364.14
2024-03-24,377.92,123.99,106.81,450.95,146.32,190.55,455.87,448.97,221.08,356.62
2024-03-25,487.26,165.77,122.4,467.23,171.67,217.03,490.57,665.41,247.26,381.51
2024-03-26,460.58,156.44,126.96,489.77,169.55,226.95,485.93,695.58,240.83,379.81
2024-03-27,468.03,151.69,131.82,491.01,172.43,221.68,483.26,605.41,247.6,378.69
2024-03-28,357.31,156.52,139.21,465.05,169.69,202.6,478.76,692.56,240.2,359.12
2024-03-29,372.51,144.88,116.13,463.78,137.61,202.88,494.47,533.32,247.67,360.2
2024-03-30,430.51,137.75,99.25,460.55,154.41,205.96,477.52,537.51,228.44,366.0
2024-03-31,360.53,128.49,98.52,456.42,135.19,188.33,448.15,509.31,219.54,348.92
2024-04-01,427.02,152.09,133.1,490.62,167.76,197.55,476.75,623.9,244.6,384.77
2024-04-02,527.65,150.03,129.27,477.87,165.84,198.86,490.14,747.43,244.13,379.87
2024-04-03,501.13,158.8,122.79,486.19,159.61,212.69,503.81,668.73,250.25,376.48
2024-04-04,479.55,153.88,124.76,475.38,158.39,215.42,484.38,739.53,232.05,384.34
2024-04-05,470.02,154.63,139.14,482.28,170.17,222.69,490.19,678.72,239.79,380.8
2024-04-06,371.84,138.2,114.64,457.18,155.99,201.15,471.8,578.19,228.62,367.95
2024-04-07,346.28,121.75,98.87,444.7,139.44,188.73,461.79,491.27,218.81,352.0
2024-04-08,504.17,150.26,132.7,481.27,166.57,210.9,491.57,700.78,241.5,382.09
2024-04-09,467.8,158.47,132.55,476.78,163.31,213.71,487.33,783.67,235.87,375.65
2024-04-10,520.01,159.73,128.3,482.97,165.82,220.29,489.7,666.24,237.43,378.55
2024-04-11,496.96,145.97,127.19,470.41,165.76,213.22,490.54,690.38,234.55,381.27
2024-04-12,473.98,142.93,122.99,481.49,164.99,207.64,490.73,735.89,242.12,376.84
2024-04-13,516.8,140.14,122.41,462.05,149.49,190.57,467.12,636.29,219.99,364.84
2024-04-14,360.95,125.23,100.93,454.83,130.68,188.7,452.22,486.42,204.36,342.25
2024-04-15,590.0,146.7,127.19,468.74,144.69,214.78,480.48,722.0,244.1,367.67
2024-04-16,525.23,141.83,126.63,472.38,158.0,199.01,488.91,743.62,232.52,376.85
2024-04-17,495.34,159.55,121.54,475.13,165.6,212.38,491.32,775.65,242.99,389.7
2024-04-18,484.82,145.56,131.27,479.66,155.8,207.71,485.79,856.11,233.29,377.27
2024-04-19,553.28,150.41,136.86,482.07,156.13,202.01,486.45,739.82,234.34,378.18
2024-04-20,415.11,130.69,106.5,468.95,127.52,192.31,478.55,694.77,218.26,360.02
2024-04-21,332.58,108.04,94.86,446.1,128.78,172.9,456.51,528.98,203.73,343.59
2024-04-22,564.31,140.68,132.79,468.76,160.59,203.29,492.42,665.94,231.23,371.08
2024-04-23,503.53,141.79,122.93,478.78,161.53,201.77,496.62,744.79,226.06,378.02
2024-04-24,550.58,155.2,117.08,470.82,159.15,219.46,491.63,814.85,238.81,371.79
2024-04-25,572.53,142.03,113.27,482.2,157.42,211.34,494.74,697.07,239.41,363.87
2024-04-26,504.63,144.03,125.09,478.23,157.34,194.77,490.38,769.44,232.62,367.86
2024-04-27,390.1,127.56,105.57,462.59,136.87,192.82,467.63,658.17,222.73,366.85
2024-04-28,385.23,124.69,95.55,446.22,124.1,188.88,453.75,554.93,205.4,343.48
2024-04-29,592.55,144.89,116.4,474.02,150.31,203.84,494.71,806.06,233.22,378.89
2024-04-30,574.22,137.35,125.09,469.49,156.57,208.9,490.45,764.53,224.18,368.31
2024-05-01,397.96,121.78,99.88,448.64,143.23,186.29,480.55,494.62,211.43,349.2
2024-05-02,578.5,143.42,112.29,475.63,150.17,212.76,485.97,871.76,236.86,374.42
2024-05-03,546.02,123.67,121.7,474.02,148.36,206.57,500.52,749.49,232.96,372.47
2024-05-04,431.77,122.19,104.66,470.07,140.03,187.32,470.58,680.47,207.16,351.42
2024-05-05,388.24,111.26,82.73,436.5,125.33,174.47,451.59,593.54,198.67,347.94
2024-05-06,462.58,138.99,120.75,474.97,156.24,195.98,487.77,827.96,236.77,368.73
2024-05-07,670.48,138.23,115.0,467.08,152.72,201.37,498.9,842.75,229.15,369.61
2024-05-08,534.97,143.23,112.83,476.12,154.28,205.85,487.26,810.68,228.11,375.49
2024-05-09,529.78,141.75,113.8,473.53,153.45,193.17,500.62,812.81,232.73,362.26
2024-05-10,566.25,143.24,113.2,470.02,157.69,206.3,494.66,846.94,235.92,373.51
2024-05-11,477.04,125.03,101.77,466.98,132.18,185.07,479.22,650.18,213.33,356.98
2024-05-12,371.2,111.04,83.58,451.53,119.93,175.4,470.04,651.0,203.29,343.82
2024-05-13,548.28,134.6,111.7,452.49,148.16,206.15,491.95,866.64,227.65,367.59
2024-05-14,572.83,129.09,112.61,470.01,149.99,200.75,499.23,891.35,229.48,350.58
2024-05-15,520.33,139.22,115.51,474.54,148.51,200.16,490.95,793.49,229.9,349.03
2024-05-16,579.06,131.57,115.82,472.93,138.56,191.59,492.32,826.48,218.56,362.2
2024-05-17,616.45,130.73,110.77,471.05,145.0,197.83,499.85,886.42,223.5,376.29
2024-05-18,500.85,123.83,98.22,463.01,139.83,184.66,476.87,654.83,210.22,350.48
2024-05-19,443.33,103.75,79.04,448.58,106.8,162.15,460.18,608.62,186.39,335.97
2024-05-20,623.13,130.89,103.56,468.44,145.12,202.51,496.09,670.97,224.87,367.38
2024-05-21,573.23,142.36,92.05,472.86,152.57,194.24,499.26,702.66,227.6,370.24
2024-05-22,639.83,125.56,119.05,469.18,144.36,191.73,499.08,861.26,224.62,366.65
2024-05-23,583.06,124.4,111.47,470.02,147.91,194.11,490.15,763.13,229.82,356.45
2024-05-24,642.04,114.47,111.18,473.25,139.06,195.61,493.44,735.66,227.14,375.59
2024-05-25,532.27,117.17,90.14,462.15,128.27,158.9,475.61,649.22,204.95,351.41
2024-05-26,395.6,95.34,77.42,437.32,109.55,162.88,460.63,598.21,194.33,339.44
2024-05-27,591.57,113.16,114.4,467.89,139.92,192.73,500.81,775.44,225.15,366.47
2024-05-28,573.24,129.3,105.74,471.36,145.15,191.6,492.01,841.74,230.52,377.95
2024-05-29,587.1,122.19,107.27,474.88,150.71,194.59,497.87,803.01,225.24,360.2
2024-05-30,557.15,131.85,105.26,470.16,117.54,189.27,494.53,861.9,218.58,358.3
2024-05-31,656.52,125.94,118.62,463.78,143.86,188.83,496.58,1006.32,215.9,362.98
2024-06-01,499.67,125.13,100.45,460.03,129.2,183.38,480.93,648.17,205.48,353.45
2024-06-02,406.13,111.64,83.46,442.28,103.97,169.3,464.38,584.63,189.28,340.0
2024-06-03,684.02,128.32,116.69,453.39,133.15,195.31,504.33,945.17,213.46,362.89
2024-06-04,637.55,128.0,110.31,471.98,142.39,192.79,496.41,998.26,228.11,361.52
2024-06-05,610.39,128.76,108.49,479.62,138.91,189.23,490.7,915.31,211.97,364.73
2024-06-06,618.3,129.29,109.23,480.35,138.99,193.24,494.03,918.44,215.37,363.88
2024-06-07,565.23,129.44,110.13,461.34,140.56,195.88,494.22,908.37,214.71,365.79
2024-06-08,513.11,109.18,97.06,449.42,127.27,161.64,488.02,766.36,208.71,343.06
2024-06-09,432.01,98.01,68.05,437.78,115.13,159.01,471.08,656.34,183.94,333.86
2024-06-10,527.46,127.55,95.36,453.35,135.17,195.1,501.54,914.66,211.08,343.95
2024-06-11,653.34,117.66,108.52,472.08,138.16,186.42,502.07,886.89,219.16,367.2
2024-06-12,660.89,126.04,103.1,472.79,137.16,186.02,503.95,903.45,216.36,355.44
2024-06-13,676.8,133.72,105.67,457.38,139.57,178.0,497.82,841.21,208.05,360.89
2024-06-14,691.58,131.7,106.01,464.48,139.65,191.78,499.99,966.03,221.12,370.59
2024-06-15,496.34,102.29,76.37,451.01,130.26,171.25,488.89,866.44,205.87,344.59
2024-06-16,416.06,96.6,72.51,431.77,99.63,160.94,474.73,592.49,189.65,329.31
2024-06-17,587.09,126.7,99.05,464.72,134.52,163.69,496.56,967.08,210.09,358.26
2024-06-18,648.33,124.33,97.81,463.8,137.46,184.21,508.04,808.87,205.78,359.08
2024-06-19,608.69,115.65,97.82,471.36,135.34,182.04,502.3,929.54,218.0,363.83
2024-06-20,632.16,127.85,95.33,469.2,142.02,157.14,505.89,948.4,210.49,356.38
2024-06-21,634.93,122.6,100.91,472.57,116.15,162.28,497.26,924.35,209.96,358.1
2024-06-22,499.46,104.77,80.36,451.85,117.92,164.43,479.55,793.11,192.04,352.13
2024-06-23,442.89,89.5,74.6,439.76,101.5,160.76,474.03,714.99,182.55,326.16
2024-06-24,685.37,127.3,102.58,469.25,142.25,181.78,499.86,1105.46,210.77,355.95
2024-06-25,593.19,124.33,106.19,464.61,125.42,179.45,504.46,1067.69,212.53,356.65
2024-06-26,597.34,120.53,97.58,464.72,134.84,184.87,497.74,854.79,219.49,354.49
2024-06-27,600.27,122.39,102.35,471.56,126.37,188.3,507.1,968.43,209.5,357.8
2024-06-28,704.42,122.42,93.81,464.81,134.46,181.14,499.06,864.94,208.03,362.97
2024-06-29,436.4,103.69,67.12,461.69,111.25,154.04,492.46,740.31,193.99,348.75
2024-06-30,539.43,90.91,65.37,428.22,99.56,149.13,473.87,713.88,180.68,327.11
